{
	"parent": "block/cube_all",
	"textures": {
		"0": "block/e422.spells/spellforge_side_on",
		"1": "block/e422.spells/spellforge_up",
		"2": "sorcery/altar",
		"particle": "block/polished_blackstone_bricks"
	},
	"elements": [
		{
			"from": [0, 0, 0],
			"to": [16, 16, 16],
			"faces": {
				"north": {"uv": [0, 0, 16, 16], "texture": "#0"},
				"east": {"uv": [0, 0, 16, 16], "texture": "#0"},
				"south": {"uv": [0, 0, 16, 16], "texture": "#0"},
				"west": {"uv": [0, 0, 16, 16], "texture": "#0"},
				"up": {"uv": [0, 0, 16, 16], "texture": "#1"},
				"down": {"uv": [0, 0, 16, 16], "texture": "#0"}
			}
		}
	],
	"display": {
      	"head": {
            "translation": [ 0, -56, 0 ],
            "scale": [ 1.602, 1.602, 1.602 ]
        }
	}
}